,input_accessionID,database_accessionID,qstart,qend,nident,input_length,totident
0,NC_010152.1,NC_030884.1,36523,36671,105,39577,515
1,NC_010152.1,NC_030884.1,12382,12413,27,39577,515
2,NC_010152.1,NC_030884.1,9022,9082,46,39577,515
3,NC_010152.1,NC_030884.1,10983,11007,24,39577,515
4,NC_010152.1,NC_030884.1,13503,13532,27,39577,515
5,NC_010152.1,NC_030884.1,22204,22221,18,39577,515
6,NC_010152.1,NC_030884.1,11248,11270,21,39577,515
7,NC_010152.1,NC_030884.1,13121,13153,27,39577,515
8,NC_010152.1,NC_030884.1,10883,10919,32,39577,515
9,NC_010152.1,NC_030884.1,9895,9924,25,39577,515
10,NC_010152.1,NC_030884.1,10936,10960,22,39577,515
11,NC_010152.1,NC_030884.1,11195,11216,20,39577,515
12,NC_010152.1,NC_030884.1,10296,10317,20,39577,515
13,NC_010152.1,NC_030884.1,17224,17250,23,39577,515
14,NC_010152.1,NC_030884.1,7640,7661,20,39577,515
15,NC_010152.1,NC_030884.1,7218,7244,23,39577,515
16,NC_010152.1,NC_030884.1,7462,7503,35,39577,515
17,NC_010153.1,NC_030884.1,33623,33780,116,36895,344
18,NC_010153.1,NC_030884.1,11293,11329,33,36895,344
19,NC_010153.1,NC_030884.1,12148,12178,28,36895,344
20,NC_010153.1,NC_030884.1,8527,8555,25,36895,344
21,NC_010153.1,NC_030884.1,9047,9080,28,36895,344
22,NC_010153.1,NC_030884.1,24511,24541,28,36895,344
23,NC_010153.1,NC_030884.1,348,370,21,36895,344
24,NC_010153.1,NC_030884.1,9766,9793,25,36895,344
25,NC_010153.1,NC_030884.1,10226,10247,20,36895,344
26,NC_010153.1,NC_030884.1,5445,5466,20,36895,344
27,NC_010154.1,NC_030884.1,34939,35065,93,38179,494
28,NC_010154.1,NC_030884.1,7721,7762,34,38179,494
29,NC_010154.1,NC_030884.1,5753,5795,34,38179,494
30,NC_010154.1,NC_030884.1,10784,10822,31,38179,494
31,NC_010154.1,NC_030884.1,11204,11224,20,38179,494
32,NC_010154.1,NC_030884.1,20728,20745,18,38179,494
33,NC_010154.1,NC_030884.1,5262,5281,19,38179,494
34,NC_010154.1,NC_030884.1,13130,13159,25,38179,494
35,NC_010154.1,NC_030884.1,36078,36108,27,38179,494
36,NC_010154.1,NC_030884.1,12656,12696,34,38179,494
37,NC_010154.1,NC_030884.1,9162,9196,28,38179,494
38,NC_010154.1,NC_030884.1,2035,2064,25,38179,494
39,NC_010154.1,NC_030884.1,15748,15774,23,38179,494
40,NC_010154.1,NC_030884.1,9374,9420,38,38179,494
41,NC_010154.1,NC_030884.1,7252,7278,23,38179,494
42,NC_010154.1,NC_030884.1,831,853,22,38179,494
43,NC_010155.1,NC_030884.1,35778,35939,116,40449,627
44,NC_010155.1,NC_030884.1,10615,10671,49,40449,627
45,NC_010155.1,NC_030884.1,12007,12045,32,40449,627
46,NC_010155.1,NC_030884.1,8731,8755,23,40449,627
47,NC_010155.1,NC_030884.1,8555,8594,32,40449,627
48,NC_010155.1,NC_030884.1,10274,10298,24,40449,627
49,NC_010155.1,NC_030884.1,12794,12823,27,40449,627
50,NC_010155.1,NC_030884.1,10538,10571,30,40449,627
51,NC_010155.1,NC_030884.1,9004,9060,42,40449,627
52,NC_010155.1,NC_030884.1,10922,10971,40,40449,627
53,NC_010155.1,NC_030884.1,39587,39611,22,40449,627
54,NC_010155.1,NC_030884.1,9242,9266,22,40449,627
55,NC_010155.1,NC_030884.1,39396,39420,22,40449,627
56,NC_010155.1,NC_030884.1,10227,10251,22,40449,627
57,NC_010155.1,NC_030884.1,28225,28244,19,40449,627
58,NC_010155.1,NC_030884.1,10026,10053,25,40449,627
59,NC_010155.1,NC_030884.1,10486,10507,20,40449,627
60,NC_010155.1,NC_030884.1,16515,16541,23,40449,627
61,NC_010155.1,NC_030884.1,38941,38986,37,40449,627
62,NC_010537.1,NC_030884.1,273156,281948,7944,1219165,167893
63,NC_010537.1,NC_030884.1,237362,246143,7842,1219165,167893
64,NC_010537.1,NC_030884.1,262887,269147,5603,1219165,167893
65,NC_010537.1,NC_030884.1,227139,233401,5573,1219165,167893
66,NC_010537.1,NC_030884.1,247392,251081,3301,1219165,167893
67,NC_010537.1,NC_030884.1,282873,286554,3280,1219165,167893
68,NC_010537.1,NC_030884.1,234238,237162,2596,1219165,167893
69,NC_010537.1,NC_030884.1,269492,272243,2486,1219165,167893
70,NC_010537.1,NC_030884.1,508322,511808,2646,1219165,167893
71,NC_010537.1,NC_030884.1,332352,335808,2612,1219165,167893
72,NC_010537.1,NC_030884.1,449874,452952,2375,1219165,167893
73,NC_010537.1,NC_030884.1,442243,445443,2422,1219165,167893
74,NC_010537.1,NC_030884.1,484323,487401,2375,1219165,167893
75,NC_010537.1,NC_030884.1,406790,409990,2417,1219165,167893
76,NC_010537.1,NC_030884.1,476716,479910,2412,1219165,167893
77,NC_010537.1,NC_030884.1,429114,432503,2562,1219165,167893
78,NC_010537.1,NC_030884.1,464799,468183,2555,1219165,167893
79,NC_010537.1,NC_030884.1,393637,397026,2561,1219165,167893
80,NC_010537.1,NC_030884.1,355301,358728,2563,1219165,167893
81,NC_010537.1,NC_030884.1,320058,322939,2188,1219165,167893
82,NC_010537.1,NC_030884.1,496268,499149,2182,1219165,167893
83,NC_010537.1,NC_030884.1,368819,371378,1908,1219165,167893
84,NC_010537.1,NC_030884.1,415349,417487,1618,1219165,167893
85,NC_010537.1,NC_030884.1,473145,475079,1481,1219165,167893
86,NC_010537.1,NC_030884.1,403541,405503,1503,1219165,167893
87,NC_010537.1,NC_030884.1,329443,331405,1489,1219165,167893
88,NC_010537.1,NC_030884.1,505449,507411,1487,1219165,167893
89,NC_010537.1,NC_030884.1,365910,367872,1485,1219165,167893
90,NC_010537.1,NC_030884.1,378271,379978,1327,1219165,167893
91,NC_010537.1,NC_030884.1,438994,440956,1487,1219165,167893
92,NC_010537.1,NC_030884.1,517870,519577,1324,1219165,167893
93,NC_010537.1,NC_030884.1,224120,225116,884,1219165,167893
94,NC_010537.1,NC_030884.1,255409,256405,884,1219165,167893
95,NC_010537.1,NC_030884.1,287976,288905,845,1219165,167893
96,NC_010537.1,NC_030884.1,417940,420069,1563,1219165,167893
97,NC_010537.1,NC_030884.1,343602,345724,1563,1219165,167893
98,NC_010537.1,NC_030884.1,487854,489926,1521,1219165,167893
99,NC_010537.1,NC_030884.1,373414,375192,1337,1219165,167893
100,NC_010537.1,NC_030884.1,453405,455477,1520,1219165,167893
101,NC_010537.1,NC_030884.1,519608,521727,1545,1219165,167893
102,NC_010537.1,NC_030884.1,446329,448056,1296,1219165,167893
103,NC_010537.1,NC_030884.1,480778,482505,1293,1219165,167893
104,NC_010537.1,NC_030884.1,380009,382131,1545,1219165,167893
105,NC_010537.1,NC_030884.1,259786,261057,980,1219165,167893
106,NC_010537.1,NC_030884.1,325914,326917,802,1219165,167893
107,NC_010537.1,NC_030884.1,376790,378142,1031,1219165,167893
108,NC_010537.1,NC_030884.1,502123,503127,798,1219165,167893
109,NC_010537.1,NC_030884.1,361888,362892,795,1219165,167893
110,NC_010537.1,NC_030884.1,470457,471457,790,1219165,167893
111,NC_010537.1,NC_030884.1,435309,436312,785,1219165,167893
112,NC_010537.1,NC_030884.1,399832,400835,782,1219165,167893
113,NC_010537.1,NC_030884.1,342510,343571,819,1219165,167893
114,NC_010537.1,NC_030884.1,256507,258063,1152,1219165,167893
115,NC_010537.1,NC_030884.1,290279,291836,1156,1219165,167893
116,NC_010537.1,NC_030884.1,371494,372539,806,1219165,167893
117,NC_010537.1,NC_030884.1,414289,415132,677,1219165,167893
118,NC_010537.1,NC_030884.1,170485,172054,1138,1219165,167893
119,NC_010537.1,NC_030884.1,253431,253972,492,1219165,167893
120,NC_010537.1,NC_030884.1,340155,340987,663,1219165,167893
121,NC_010537.1,NC_030884.1,516269,517101,646,1219165,167893
122,NC_010537.1,NC_030884.1,190368,191430,770,1219165,167893
123,NC_010537.1,NC_030884.1,261871,262339,409,1219165,167893
124,NC_010537.1,NC_030884.1,512809,513966,830,1219165,167893
125,NC_010537.1,NC_030884.1,226080,226531,393,1219165,167893
126,NC_010537.1,NC_030884.1,177061,178059,722,1219165,167893
127,NC_010537.1,NC_030884.1,341783,342380,469,1219165,167893
128,NC_010537.1,NC_030884.1,411360,412041,513,1219165,167893
129,NC_010537.1,NC_030884.1,405883,406402,419,1219165,167893
130,NC_010537.1,NC_030884.1,441336,441855,419,1219165,167893
131,NC_010537.1,NC_030884.1,337166,337836,514,1219165,167893
132,NC_010537.1,NC_030884.1,368252,368772,419,1219165,167893
133,NC_010537.1,NC_030884.1,475809,476329,415,1219165,167893
134,NC_010537.1,NC_030884.1,182207,183120,646,1219165,167893
135,NC_010537.1,NC_030884.1,331785,332305,416,1219165,167893
136,NC_010537.1,NC_030884.1,198826,199771,672,1219165,167893
137,NC_010537.1,NC_030884.1,500807,501871,736,1219165,167893
138,NC_010537.1,NC_030884.1,188409,189779,930,1219165,167893
139,NC_010537.1,NC_030884.1,360578,361636,727,1219165,167893
140,NC_010537.1,NC_030884.1,507791,508311,410,1219165,167893
141,NC_010537.1,NC_030884.1,399039,399578,416,1219165,167893
142,NC_010537.1,NC_030884.1,469487,470176,524,1219165,167893
143,NC_010537.1,NC_030884.1,493951,494837,674,1219165,167893
144,NC_010537.1,NC_030884.1,434516,435055,414,1219165,167893
145,NC_010537.1,NC_030884.1,324598,325661,723,1219165,167893
146,NC_010537.1,NC_030884.1,459655,460666,729,1219165,167893
147,NC_010537.1,NC_030884.1,202040,202777,532,1219165,167893
148,NC_010537.1,NC_030884.1,175881,176330,352,1219165,167893
149,NC_010537.1,NC_030884.1,388026,389010,708,1219165,167893
150,NC_010537.1,NC_030884.1,352060,353083,727,1219165,167893
151,NC_010537.1,NC_030884.1,504407,505047,462,1219165,167893
152,NC_010537.1,NC_030884.1,461213,462171,688,1219165,167893
153,NC_010537.1,NC_030884.1,401954,402527,416,1219165,167893
154,NC_010537.1,NC_030884.1,328401,329041,458,1219165,167893
155,NC_010537.1,NC_030884.1,364172,364812,455,1219165,167893
156,NC_010537.1,NC_030884.1,437431,438004,413,1219165,167893
157,NC_010537.1,NC_030884.1,316611,317502,646,1219165,167893
158,NC_010537.1,NC_030884.1,472218,472873,463,1219165,167893
159,NC_010537.1,NC_030884.1,225245,225771,397,1219165,167893
160,NC_010537.1,NC_030884.1,254754,255280,397,1219165,167893
161,NC_010537.1,NC_030884.1,178718,180450,1164,1219165,167893
162,NC_010537.1,NC_030884.1,272795,272967,159,1219165,167893
163,NC_010537.1,NC_030884.1,180718,181539,556,1219165,167893
164,NC_010537.1,NC_030884.1,211905,212675,529,1219165,167893
165,NC_010537.1,NC_030884.1,410876,411190,246,1219165,167893
166,NC_010537.1,NC_030884.1,517329,517741,306,1219165,167893
167,NC_010537.1,NC_030884.1,336683,336997,243,1219165,167893
168,NC_010537.1,NC_030884.1,209997,210720,492,1219165,167893
169,NC_010537.1,NC_030884.1,341215,341627,299,1219165,167893
170,NC_010537.1,NC_030884.1,301487,301892,289,1219165,167893
171,NC_010537.1,NC_030884.1,184046,184852,543,1219165,167893
172,NC_010537.1,NC_030884.1,359479,359813,246,1219165,167893
173,NC_010537.1,NC_030884.1,201048,201507,322,1219165,167893
174,NC_010537.1,NC_030884.1,215204,216091,586,1219165,167893
175,NC_010537.1,NC_030884.1,398586,398999,299,1219165,167893
176,NC_010537.1,NC_030884.1,434063,434476,299,1219165,167893
177,NC_010537.1,NC_030884.1,208007,208479,331,1219165,167893
178,NC_010537.1,NC_030884.1,375955,376426,350,1219165,167893
179,NC_010537.1,NC_030884.1,449043,449510,348,1219165,167893
180,NC_010537.1,NC_030884.1,483492,483959,348,1219165,167893
181,NC_010537.1,NC_030884.1,424634,424907,224,1219165,167893
182,NC_010537.1,NC_030884.1,214462,214833,265,1219165,167893
183,NC_010537.1,NC_030884.1,387447,387844,314,1219165,167893
184,NC_010537.1,NC_030884.1,499366,499687,238,1219165,167893
185,NC_010537.1,NC_030884.1,186595,186793,158,1219165,167893
186,NC_010537.1,NC_030884.1,258493,259000,350,1219165,167893
187,NC_010537.1,NC_030884.1,300566,301303,484,1219165,167893
188,NC_010537.1,NC_030884.1,33363,33563,157,1219165,167893
189,NC_010537.1,NC_030884.1,187025,187617,403,1219165,167893
190,NC_010537.1,NC_030884.1,323156,323459,224,1219165,167893
191,NC_010537.1,NC_030884.1,75505,75710,159,1219165,167893
192,NC_010537.1,NC_030884.1,205301,205574,203,1219165,167893
193,NC_010537.1,NC_030884.1,205701,205942,182,1219165,167893
194,NC_010537.1,NC_030884.1,306214,306485,197,1219165,167893
195,NC_010537.1,NC_030884.1,413464,413976,368,1219165,167893
196,NC_010537.1,NC_030884.1,406450,406653,158,1219165,167893
197,NC_010537.1,NC_030884.1,441903,442106,158,1219165,167893
198,NC_010537.1,NC_030884.1,323476,323773,213,1219165,167893
199,NC_010537.1,NC_030884.1,463793,464165,265,1219165,167893
200,NC_010537.1,NC_030884.1,204555,204830,199,1219165,167893
201,NC_010537.1,NC_030884.1,476340,476533,149,1219165,167893
202,NC_010537.1,NC_030884.1,296799,297076,199,1219165,167893
203,NC_010537.1,NC_030884.1,282654,282864,160,1219165,167893
204,NC_010537.1,NC_030884.1,339276,339790,367,1219165,167893
205,NC_010537.1,NC_030884.1,515390,515904,367,1219165,167893
206,NC_010537.1,NC_030884.1,499702,499983,202,1219165,167893
207,NC_010537.1,NC_030884.1,397055,397286,171,1219165,167893
208,NC_010537.1,NC_030884.1,432532,432763,171,1219165,167893
209,NC_010537.1,NC_030884.1,189788,190046,191,1219165,167893
210,NC_010537.1,NC_030884.1,172957,173117,124,1219165,167893
211,NC_010537.1,NC_030884.1,202782,202958,133,1219165,167893
212,NC_010537.1,NC_030884.1,289754,289933,136,1219165,167893
213,NC_010537.1,NC_030884.1,1286,1480,143,1219165,167893
214,NC_010537.1,NC_030884.1,247241,247383,111,1219165,167893
215,NC_010537.1,NC_030884.1,214105,214448,242,1219165,167893
216,NC_010537.1,NC_030884.1,261306,261422,97,1219165,167893
217,NC_010537.1,NC_030884.1,175368,175618,180,1219165,167893
218,NC_010537.1,NC_030884.1,428419,428557,112,1219165,167893
219,NC_010537.1,NC_030884.1,392942,393080,112,1219165,167893
220,NC_010537.1,NC_030884.1,193997,194285,210,1219165,167893
221,NC_010537.1,NC_030884.1,168923,169222,212,1219165,167893
222,NC_010537.1,NC_030884.1,166187,166472,208,1219165,167893
223,NC_010537.1,NC_030884.1,427397,427689,209,1219165,167893
224,NC_010537.1,NC_030884.1,456073,456326,180,1219165,167893
225,NC_010537.1,NC_030884.1,176832,177023,140,1219165,167893
226,NC_010537.1,NC_030884.1,490522,490775,179,1219165,167893
227,NC_010537.1,NC_030884.1,76905,77342,292,1219165,167893
228,NC_010537.1,NC_030884.1,308539,308868,217,1219165,167893
229,NC_010537.1,NC_030884.1,203391,203687,208,1219165,167893
230,NC_010537.1,NC_030884.1,495527,495769,176,1219165,167893
231,NC_010537.1,NC_030884.1,468596,468724,98,1219165,167893
232,NC_010537.1,NC_030884.1,299473,299594,91,1219165,167893
233,NC_010537.1,NC_030884.1,302411,302669,175,1219165,167893
234,NC_010537.1,NC_030884.1,391920,392212,209,1219165,167893
235,NC_010537.1,NC_030884.1,432911,433039,96,1219165,167893
236,NC_010537.1,NC_030884.1,397434,397562,96,1219165,167893
237,NC_010537.1,NC_030884.1,350010,350263,184,1219165,167893
238,NC_010537.1,NC_030884.1,318577,318726,114,1219165,167893
239,NC_010537.1,NC_030884.1,493203,493283,66,1219165,167893
240,NC_010537.1,NC_030884.1,385630,385974,237,1219165,167893
241,NC_010537.1,NC_030884.1,525217,525561,237,1219165,167893
242,NC_010537.1,NC_030884.1,423240,423355,92,1219165,167893
243,NC_010537.1,NC_030884.1,458081,458196,92,1219165,167893
244,NC_010537.1,NC_030884.1,313215,313397,127,1219165,167893
245,NC_010537.1,NC_030884.1,389985,390074,71,1219165,167893
246,NC_010537.1,NC_030884.1,425462,425551,71,1219165,167893
247,NC_010537.1,NC_030884.1,492716,492805,71,1219165,167893
248,NC_010537.1,NC_030884.1,351340,351470,95,1219165,167893
249,NC_010537.1,NC_030884.1,259332,259476,113,1219165,167893
250,NC_010537.1,NC_030884.1,526638,526770,96,1219165,167893
251,NC_010537.1,NC_030884.1,35054,35493,283,1219165,167893
252,NC_010537.1,NC_030884.1,225184,225244,51,1219165,167893
253,NC_010537.1,NC_030884.1,255281,255341,51,1219165,167893
254,NC_010537.1,NC_030884.1,387283,387375,73,1219165,167893
255,NC_010537.1,NC_030884.1,209855,209932,61,1219165,167893
256,NC_010537.1,NC_030884.1,181694,181828,95,1219165,167893
257,NC_010537.1,NC_030884.1,318914,319078,124,1219165,167893
258,NC_010537.1,NC_030884.1,495166,495312,105,1219165,167893
259,NC_010537.1,NC_030884.1,204362,204518,108,1219165,167893
260,NC_010537.1,NC_030884.1,389079,389163,67,1219165,167893
261,NC_010537.1,NC_030884.1,353155,353229,61,1219165,167893
262,NC_010537.1,NC_030884.1,354155,354321,124,1219165,167893
263,NC_010537.1,NC_030884.1,500054,500251,150,1219165,167893
264,NC_010537.1,NC_030884.1,389349,389576,165,1219165,167893
265,NC_010537.1,NC_030884.1,317833,317907,60,1219165,167893
266,NC_010537.1,NC_030884.1,197876,198181,215,1219165,167893
267,NC_010537.1,NC_030884.1,399644,399777,96,1219165,167893
268,NC_010537.1,NC_030884.1,435121,435254,96,1219165,167893
269,NC_010537.1,NC_030884.1,166774,166945,128,1219165,167893
270,NC_010537.1,NC_030884.1,359087,359284,145,1219165,167893
271,NC_010537.1,NC_030884.1,424274,424475,149,1219165,167893
272,NC_010537.1,NC_030884.1,459115,459316,149,1219165,167893
273,NC_010537.1,NC_030884.1,207565,207696,92,1219165,167893
274,NC_010537.1,NC_030884.1,304461,304597,95,1219165,167893
275,NC_010537.1,NC_030884.1,462519,462583,54,1219165,167893
276,NC_010537.1,NC_030884.1,312196,312274,60,1219165,167893
277,NC_010537.1,NC_030884.1,353573,353819,171,1219165,167893
278,NC_010537.1,NC_030884.1,47738,47815,59,1219165,167893
279,NC_010537.1,NC_030884.1,323844,324041,141,1219165,167893
280,NC_010537.1,NC_030884.1,204126,204324,134,1219165,167893
281,NC_010537.1,NC_030884.1,376553,376714,116,1219165,167893
282,NC_010537.1,NC_030884.1,390331,390464,104,1219165,167893
283,NC_010537.1,NC_030884.1,425808,425941,104,1219165,167893
284,NC_010537.1,NC_030884.1,492326,492459,104,1219165,167893
285,NC_010537.1,NC_030884.1,85360,85452,69,1219165,167893
286,NC_010537.1,NC_030884.1,459502,459564,51,1219165,167893
287,NC_010537.1,NC_030884.1,220531,220592,49,1219165,167893
288,NC_010537.1,NC_030884.1,113471,113564,74,1219165,167893
289,NC_010537.1,NC_030884.1,195237,195346,79,1219165,167893
290,NC_010537.1,NC_030884.1,200291,200398,76,1219165,167893
291,NC_010537.1,NC_030884.1,468786,468845,48,1219165,167893
292,NC_010537.1,NC_030884.1,470246,470379,94,1219165,167893
293,NC_010537.1,NC_030884.1,414090,414162,55,1219165,167893
294,NC_010537.1,NC_030884.1,318083,318180,74,1219165,167893
295,NC_010537.1,NC_030884.1,291940,292043,77,1219165,167893
296,NC_010537.1,NC_030884.1,316455,316558,77,1219165,167893
297,NC_010537.1,NC_030884.1,217071,217130,47,1219165,167893
298,NC_010537.1,NC_030884.1,206835,206983,105,1219165,167893
299,NC_010537.1,NC_030884.1,359902,359958,45,1219165,167893
300,NC_010537.1,NC_030884.1,194666,194771,81,1219165,167893
301,NC_010537.1,NC_030884.1,192225,192363,100,1219165,167893
302,NC_010537.1,NC_030884.1,51053,51164,80,1219165,167893
303,NC_010537.1,NC_030884.1,389915,389965,41,1219165,167893
304,NC_010537.1,NC_030884.1,425392,425442,41,1219165,167893
305,NC_010537.1,NC_030884.1,492825,492875,41,1219165,167893
306,NC_010537.1,NC_030884.1,172821,172871,41,1219165,167893
307,NC_010537.1,NC_030884.1,491978,492076,73,1219165,167893
308,NC_010537.1,NC_030884.1,188318,188366,41,1219165,167893
309,NC_010537.1,NC_030884.1,221134,221212,59,1219165,167893
310,NC_010537.1,NC_030884.1,7952,7996,37,1219165,167893
311,NC_010537.1,NC_030884.1,50302,50341,34,1219165,167893
312,NC_010537.1,NC_030884.1,290149,290183,31,1219165,167893
313,NC_010537.1,NC_030884.1,390709,390760,41,1219165,167893
314,NC_010537.1,NC_030884.1,426186,426237,41,1219165,167893
315,NC_010537.1,NC_030884.1,365592,365711,98,1219165,167893
316,NC_010537.1,NC_030884.1,397624,397665,35,1219165,167893
317,NC_010537.1,NC_030884.1,433101,433142,35,1219165,167893
318,NC_010537.1,NC_030884.1,261467,261509,37,1219165,167893
319,NC_010537.1,NC_030884.1,475426,475470,39,1219165,167893
320,NC_010537.1,NC_030884.1,364831,364927,76,1219165,167893
321,NC_010537.1,NC_030884.1,457639,457789,105,1219165,167893
322,NC_010537.1,NC_030884.1,422798,422948,105,1219165,167893
323,NC_010537.1,NC_030884.1,82978,83006,27,1219165,167893
324,NC_010537.1,NC_030884.1,47246,47331,65,1219165,167893
325,NC_010537.1,NC_030884.1,223274,223332,45,1219165,167893
326,NC_010537.1,NC_030884.1,151268,151303,31,1219165,167893
327,NC_010537.1,NC_030884.1,299848,299963,79,1219165,167893
328,NC_010537.1,NC_030884.1,314674,314766,67,1219165,167893
329,NC_010537.1,NC_030884.1,329090,329127,32,1219165,167893
330,NC_010537.1,NC_030884.1,464686,464779,71,1219165,167893
331,NC_010537.1,NC_030884.1,354930,354987,45,1219165,167893
332,NC_010537.1,NC_030884.1,319687,319744,45,1219165,167893
333,NC_010537.1,NC_030884.1,491530,491682,107,1219165,167893
334,NC_010537.1,NC_030884.1,327848,327869,22,1219165,167893
335,NC_010537.1,NC_030884.1,296459,296530,52,1219165,167893
336,NC_010537.1,NC_030884.1,206606,206692,61,1219165,167893
337,NC_010537.1,NC_030884.1,298660,298746,61,1219165,167893
338,NC_010537.1,NC_030884.1,50668,50691,23,1219165,167893
339,NC_010537.1,NC_030884.1,314176,314270,72,1219165,167893
340,NC_010537.1,NC_030884.1,180566,180600,30,1219165,167893
341,NC_010537.1,NC_030884.1,124318,124409,66,1219165,167893
342,NC_010537.1,NC_030884.1,193278,193336,49,1219165,167893
343,NC_010537.1,NC_030884.1,216117,216147,27,1219165,167893
344,NC_010537.1,NC_030884.1,226793,226833,33,1219165,167893
345,NC_010537.1,NC_030884.1,50240,50272,29,1219165,167893
346,NC_010537.1,NC_030884.1,301367,301432,48,1219165,167893
347,NC_010537.1,NC_030884.1,209159,209199,33,1219165,167893
348,NC_010537.1,NC_030884.1,524431,524473,36,1219165,167893
349,NC_010537.1,NC_030884.1,310606,310686,57,1219165,167893
350,NC_010537.1,NC_030884.1,28113,28168,47,1219165,167893
351,NC_010537.1,NC_030884.1,824178,824221,37,1219165,167893
352,NC_010537.1,NC_030884.1,196681,196750,52,1219165,167893
353,NC_010537.1,NC_030884.1,114005,114045,36,1219165,167893
354,NC_010537.1,NC_030884.1,528673,528707,30,1219165,167893
355,NC_010537.1,NC_030884.1,422064,422109,40,1219165,167893
356,NC_010537.1,NC_030884.1,386919,386961,34,1219165,167893
357,NC_010537.1,NC_030884.1,302834,303000,111,1219165,167893
358,NC_010537.1,NC_030884.1,211769,211821,40,1219165,167893
359,NC_010537.1,NC_030884.1,338427,338509,61,1219165,167893
360,NC_010537.1,NC_030884.1,303749,303781,28,1219165,167893
361,NC_010537.1,NC_030884.1,196273,196305,28,1219165,167893
362,NC_010537.1,NC_030884.1,7552,7605,44,1219165,167893
363,NC_010537.1,NC_030884.1,272255,272277,22,1219165,167893
364,NC_010537.1,NC_030884.1,192149,192198,38,1219165,167893
365,NC_010537.1,NC_030884.1,364934,365006,54,1219165,167893
366,NC_010537.1,NC_030884.1,174242,174296,41,1219165,167893
367,NC_010537.1,NC_030884.1,1015709,1015742,29,1219165,167893
368,NC_010537.1,NC_030884.1,383950,383979,26,1219165,167893
369,NC_010537.1,NC_030884.1,16911,16930,20,1219165,167893
370,NC_010537.1,NC_030884.1,170150,170179,26,1219165,167893
371,NC_010537.1,NC_030884.1,429046,429094,39,1219165,167893
372,NC_010537.1,NC_030884.1,393569,393617,39,1219165,167893
373,NC_010537.1,NC_030884.1,154963,155003,34,1219165,167893
374,NC_010537.1,NC_030884.1,296027,296067,34,1219165,167893
375,NC_010537.1,NC_030884.1,9738,9767,26,1219165,167893
376,NC_010537.1,NC_030884.1,315168,315227,44,1219165,167893
377,NC_010537.1,NC_030884.1,193889,193920,27,1219165,167893
378,NC_010537.1,NC_030884.1,166549,166580,27,1219165,167893
379,NC_010537.1,NC_030884.1,363823,363844,21,1219165,167893
380,NC_010537.1,NC_030884.1,504058,504079,21,1219165,167893
381,NC_010537.1,NC_030884.1,33329,33350,21,1219165,167893
382,NC_010537.1,NC_030884.1,186488,186526,32,1219165,167893
383,NC_010537.1,NC_030884.1,491369,491399,29,1219165,167893
384,NC_010537.1,NC_030884.1,456920,456950,29,1219165,167893
385,NC_010537.1,NC_030884.1,503287,503334,41,1219165,167893
386,NC_010537.1,NC_030884.1,363052,363099,41,1219165,167893
387,NC_010537.1,NC_030884.1,327077,327124,41,1219165,167893
388,NC_010537.1,NC_030884.1,198638,198669,27,1219165,167893
389,NC_010537.1,NC_030884.1,347844,347912,50,1219165,167893
390,NC_010537.1,NC_030884.1,383555,383623,50,1219165,167893
391,NC_010537.1,NC_030884.1,523142,523210,50,1219165,167893
392,NC_010537.1,NC_030884.1,889627,889653,24,1219165,167893
393,NC_010537.1,NC_030884.1,219060,219101,33,1219165,167893
394,NC_010537.1,NC_030884.1,54960,54999,34,1219165,167893
395,NC_010537.1,NC_030884.1,319634,319657,22,1219165,167893
396,NC_010537.1,NC_030884.1,354877,354900,22,1219165,167893
397,NC_010537.1,NC_030884.1,222057,222130,54,1219165,167893
398,NC_010537.1,NC_030884.1,140135,140173,31,1219165,167893
399,NC_010537.1,NC_030884.1,49443,49477,30,1219165,167893
400,NC_010537.1,NC_030884.1,211287,211305,19,1219165,167893
401,NC_010537.1,NC_030884.1,83531,83558,25,1219165,167893
402,NC_010537.1,NC_030884.1,398305,398341,32,1219165,167893
403,NC_010537.1,NC_030884.1,433782,433818,32,1219165,167893
404,NC_010537.1,NC_030884.1,83133,83163,27,1219165,167893
405,NC_010537.1,NC_030884.1,98910,98938,25,1219165,167893
406,NC_010537.1,NC_030884.1,206151,206184,28,1219165,167893
407,NC_010537.1,NC_030884.1,192859,192916,46,1219165,167893
408,NC_010537.1,NC_030884.1,220490,220522,28,1219165,167893
409,NC_010537.1,NC_030884.1,448197,448250,43,1219165,167893
410,NC_010537.1,NC_030884.1,482646,482699,43,1219165,167893
411,NC_010537.1,NC_030884.1,312546,312564,19,1219165,167893
412,NC_010537.1,NC_030884.1,414014,414042,25,1219165,167893
413,NC_010537.1,NC_030884.1,262548,262571,22,1219165,167893
414,NC_010537.1,NC_030884.1,351073,351107,30,1219165,167893
415,NC_010537.1,NC_030884.1,526371,526405,30,1219165,167893
416,NC_010537.1,NC_030884.1,193048,193144,73,1219165,167893
417,NC_010537.1,NC_030884.1,167175,167249,56,1219165,167893
418,NC_048037.1,NC_030884.1,35460,35491,27,37311,445
419,NC_048037.1,NC_030884.1,2965,2998,28,37311,445
420,NC_048037.1,NC_030884.1,37167,37192,23,37311,445
421,NC_048037.1,NC_030884.1,120,145,23,37311,445
422,NC_048037.1,NC_030884.1,9472,9519,37,37311,445
423,NC_048037.1,NC_030884.1,2298,2334,31,37311,445
424,NC_048037.1,NC_030884.1,2774,2857,61,37311,445
425,NC_048037.1,NC_030884.1,14757,14789,27,37311,445
426,NC_048037.1,NC_030884.1,5108,5132,22,37311,445
427,NC_048037.1,NC_030884.1,33111,33130,19,37311,445
428,NC_048037.1,NC_030884.1,12053,12094,32,37311,445
429,NC_048037.1,NC_030884.1,3472,3508,29,37311,445
430,NC_048037.1,NC_030884.1,19593,19619,23,37311,445
431,NC_048037.1,NC_030884.1,4617,4643,23,37311,445
432,NC_048037.1,NC_030884.1,13758,13806,40,37311,445
433,NC_048128.1,NC_030884.1,16330,16367,32,38091,157
434,NC_048128.1,NC_030884.1,24818,24843,23,38091,157
435,NC_048128.1,NC_030884.1,7419,7446,24,38091,157
436,NC_048128.1,NC_030884.1,37141,37185,35,38091,157
437,NC_048128.1,NC_030884.1,3580,3596,17,38091,157
438,NC_048128.1,NC_030884.1,34199,34230,26,38091,157

